model,n_train,function,output_dim_modeled_idx,training_time,prediction_time,rmse
PCGP,500,borehole,0,3.9790191650390625,0.023307085037231445,10.482876544676175
Surmise,500,borehole,0,0.12435793876647949,0.002877950668334961,10.482749638925561
PCGP,500,otlcircuit,0,5.882863759994507,0.02074718475341797,0.05693968990347214
Surmise,500,otlcircuit,0,0.13333511352539062,0.0027098655700683594,0.05694159376121297
PCGP,500,piston,0,7.371971130371094,0.010840654373168945,0.027516273510193187
Surmise,500,piston,0,0.3021409511566162,0.0030460357666015625,0.027916503329182853
