model,n_train,function,output_dim_modeled_idx,training_time,prediction_time,rmse
PCGP,500,borehole,0,3.996345043182373,0.022328853607177734,10.482876544676175
Surmise,500,borehole,0,0.12053608894348145,0.002513885498046875,10.482749638925561
PCGP,500,otlcircuit,0,6.192253828048706,0.021506786346435547,0.05693968990347214
Surmise,500,otlcircuit,0,0.13445591926574707,0.002772092819213867,0.05694159376121297
PCGP,500,piston,0,7.714356899261475,0.0127410888671875,0.027516273510193187
Surmise,500,piston,0,0.3055119514465332,0.002925872802734375,0.027916503329182853
